id,creationDate,lastUpdateDate,createdBy,lastUpdatedBy,employeeId,firstName,lastName,email,phoneNumber,hireDate,jobId,salary,commissionPct,managerId,departmentId,image,rating
1,2023-04-17T07:31:24.214,2024-07-14T12:34:44,satishkumar11@kpmg.com,satishkumar11@kpmg.com,198.0,Donald,OConnell,DOCONNEL,650.507.9833,21-Jun-07,SH_CLERK,2600.0,- ,124,50.0,https://picsum.photos/200,4.0
2,2023-04-17T07:31:24.49,2024-07-14T12:35:31,satishkumar11@kpmg.com,satishkumar11@kpmg.com,199.0,Douglas,Grant,DGRANT,650.507.9844,13-Jan-08,SH_CLERK,2600.0,- ,124,50.0,https://picsum.photos/200,4.0
3,2023-04-17T07:31:24.491,2024-07-14T12:35:38,satishkumar11@kpmg.com,satishkumar11@kpmg.com,200.0,Jennifer,Whalen,JWHALEN,515.123.4444,17-Sep-03,AD_ASST,4400.0,- ,101,10.0,https://picsum.photos/200,9.0
4,2023-04-17T07:31:24.491,2024-07-14T12:35:46,satishkumar11@kpmg.com,satishkumar11@kpmg.com,201.0,Michael,Hartstein,MHARTSTE,515.123.5555,17-Feb-04,MK_MAN,13000.0,- ,100,20.0,https://picsum.photos/200,5.0
5,2023-04-17T07:31:24.492,2024-07-14T12:35:53,satishkumar11@kpmg.com,satishkumar11@kpmg.com,202.0,Pat,Fay,PFAY,603.123.6666,17-Aug-05,MK_REP,6000.0,- ,201,20.0,https://picsum.photos/200,5.0
6,2023-04-17T07:31:24.492,2024-07-14T12:36:00,satishkumar11@kpmg.com,satishkumar11@kpmg.com,203.0,Susan,Mavris,SMAVRIS,515.123.7777,7-Jun-02,HR_REP,6500.0,- ,101,40.0,https://picsum.photos/200,2.0
7,2023-04-17T07:31:24.503,2024-07-14T12:36:07,satishkumar11@kpmg.com,satishkumar11@kpmg.com,204.0,Hermann,Baer,HBAER,515.123.8888,7-Jun-02,PR_REP,10000.0,- ,101,70.0,https://picsum.photos/200,10.0
8,2023-04-17T07:31:24.504,2024-07-14T12:36:14,satishkumar11@kpmg.com,satishkumar11@kpmg.com,205.0,Shelley,Higgins,SHIGGINS,515.123.8080,7-Jun-02,AC_MGR,12008.0,- ,101,110.0,https://picsum.photos/200,10.0
9,2023-04-17T07:31:24.504,2024-07-14T12:36:23,satishkumar11@kpmg.com,satishkumar11@kpmg.com,206.0,William,Gietz,WGIETZ,515.123.8181,7-Jun-02,AC_ACCOUNT,8300.0,- ,205,110.0,https://picsum.photos/200,7.0
10,2023-04-17T07:31:24.505,2024-07-14T12:36:31,satishkumar11@kpmg.com,satishkumar11@kpmg.com,100.0,Steven,King,SKING,515.123.4567,17-Jun-03,AD_PRES,24000.0,- ,- ,90.0,https://picsum.photos/200,5.0
11,2023-04-17T07:31:24.505,2024-07-14T12:36:40,satishkumar11@kpmg.com,satishkumar11@kpmg.com,101.0,Neena,Kochhar,NKOCHHAR,515.123.4568,21-Sep-05,AD_VP,17000.0,- ,100,90.0,https://picsum.photos/200,3.0
12,2023-04-17T07:31:24.505,2024-07-14T12:36:56,satishkumar11@kpmg.com,satishkumar11@kpmg.com,102.0,Lex,De Haan,LDEHAAN,515.123.4569,13-Jan-01,AD_VP,17000.0,- ,100,90.0,https://picsum.photos/200,6.0
13,2023-04-17T07:31:24.505,2024-07-14T12:36:48,satishkumar11@kpmg.com,satishkumar11@kpmg.com,103.0,Alexander,Hunold,AHUNOLD,590.423.4567,3-Jan-06,IT_PROG,9000.0,- ,102,60.0,https://picsum.photos/200,5.0
14,2023-04-17T07:31:24.506,2024-07-14T12:37:05,satishkumar11@kpmg.com,satishkumar11@kpmg.com,104.0,Bruce,Ernst,BERNST,590.423.4568,21-May-07,IT_PROG,6000.0,- ,103,60.0,https://picsum.photos/200,6.0
15,2023-04-17T07:31:24.506,2024-07-14T12:37:13,satishkumar11@kpmg.com,satishkumar11@kpmg.com,105.0,David,Austin,DAUSTIN,590.423.4569,25-Jun-05,IT_PROG,4800.0,- ,103,60.0,https://picsum.photos/200,2.0
16,2023-04-17T07:31:24.506,2024-07-14T12:37:21,satishkumar11@kpmg.com,satishkumar11@kpmg.com,106.0,Valli,Pataballa,VPATABAL,590.423.4560,5-Feb-06,IT_PROG,4800.0,- ,103,60.0,https://picsum.photos/200,7.0
17,2023-04-17T07:31:24.506,2023-04-17T07:31:24.506,satishkumar11@kpmg.com,satishkumar11@kpmg.com,107.0,Diana,Lorentz,DLORENTZ,590.423.5567,7-Feb-07,IT_PROG,4200.0,- ,103,60.0,https://picsum.photos/200,3.0
18,2023-04-17T07:31:24.506,2023-04-17T07:31:24.506,satishkumar11@kpmg.com,satishkumar11@kpmg.com,108.0,Nancy,Greenberg,NGREENBE,515.124.4569,17-Aug-02,FI_MGR,12008.0,- ,101,100.0,https://picsum.photos/200,5.0
19,2023-04-17T07:31:24.507,2023-04-17T07:31:24.507,satishkumar11@kpmg.com,satishkumar11@kpmg.com,109.0,Daniel,Faviet,DFAVIET,515.124.4169,16-Aug-02,FI_ACCOUNT,9000.0,- ,108,100.0,https://picsum.photos/200,10.0
20,2023-04-17T07:31:24.507,2023-04-17T07:31:24.507,satishkumar11@kpmg.com,satishkumar11@kpmg.com,110.0,John,Chen,JCHEN,515.124.4269,28-Sep-05,FI_ACCOUNT,8200.0,- ,108,100.0,https://picsum.photos/200,5.0
21,2023-04-17T07:31:24.507,2023-04-17T07:31:24.507,satishkumar11@kpmg.com,satishkumar11@kpmg.com,111.0,Ismael,Sciarra,ISCIARRA,515.124.4369,30-Sep-05,FI_ACCOUNT,7700.0,- ,108,100.0,https://picsum.photos/200,8.0
22,2023-04-17T07:31:24.508,2023-04-17T07:31:24.508,satishkumar11@kpmg.com,satishkumar11@kpmg.com,112.0,Jose Manuel,Urman,JMURMAN,515.124.4469,7-Mar-06,FI_ACCOUNT,7800.0,- ,108,100.0,https://picsum.photos/200,3.0
23,2023-04-17T07:31:24.508,2023-04-17T07:31:24.508,satishkumar11@kpmg.com,satishkumar11@kpmg.com,113.0,Luis,Popp,LPOPP,515.124.4567,7-Dec-07,FI_ACCOUNT,6900.0,- ,108,100.0,https://picsum.photos/200,5.0
24,2023-04-17T07:31:24.508,2023-04-17T07:31:24.508,satishkumar11@kpmg.com,satishkumar11@kpmg.com,114.0,Den,Raphaely,DRAPHEAL,515.127.4561,7-Dec-02,PU_MAN,11000.0,- ,100,30.0,https://picsum.photos/200,4.0
25,2023-04-17T07:31:24.508,2023-04-17T07:31:24.508,satishkumar11@kpmg.com,satishkumar11@kpmg.com,115.0,Alexander,Khoo,AKHOO,515.127.4562,18-May-03,PU_CLERK,3100.0,- ,114,30.0,https://picsum.photos/200,9.0
26,2023-04-17T07:31:24.509,2023-04-17T07:31:24.509,satishkumar11@kpmg.com,satishkumar11@kpmg.com,116.0,Shelli,Baida,SBAIDA,515.127.4563,24-Dec-05,PU_CLERK,2900.0,- ,114,30.0,https://picsum.photos/200,10.0
27,2023-04-17T07:31:24.509,2023-04-17T07:31:24.509,satishkumar11@kpmg.com,satishkumar11@kpmg.com,117.0,Sigal,Tobias,STOBIAS,515.127.4564,24-Jul-05,PU_CLERK,2800.0,- ,114,30.0,https://picsum.photos/200,1.0
28,2023-04-17T07:31:24.509,2023-04-17T07:31:24.509,satishkumar11@kpmg.com,satishkumar11@kpmg.com,118.0,Guy,Himuro,GHIMURO,515.127.4565,15-Nov-06,PU_CLERK,2600.0,- ,114,30.0,https://picsum.photos/200,8.0
29,2023-04-17T07:31:24.51,2023-04-17T07:31:24.51,satishkumar11@kpmg.com,satishkumar11@kpmg.com,119.0,Karen,Colmenares,KCOLMENA,515.127.4566,10-Aug-07,PU_CLERK,2500.0,- ,114,30.0,https://picsum.photos/200,6.0
30,2023-04-17T07:31:24.51,2023-04-17T07:31:24.51,satishkumar11@kpmg.com,satishkumar11@kpmg.com,120.0,Matthew,Weiss,MWEISS,650.123.1234,18-Jul-04,ST_MAN,8000.0,- ,100,50.0,https://picsum.photos/200,4.0
31,2023-04-17T07:31:24.51,2023-04-17T07:31:24.51,satishkumar11@kpmg.com,satishkumar11@kpmg.com,121.0,Adam,Fripp,AFRIPP,650.123.2234,10-Apr-05,ST_MAN,8200.0,- ,100,50.0,https://picsum.photos/200,6.0
32,2023-04-17T07:31:24.51,2023-04-17T07:31:24.51,satishkumar11@kpmg.com,satishkumar11@kpmg.com,122.0,Payam,Kaufling,PKAUFLIN,650.123.3234,1-May-03,ST_MAN,7900.0,- ,100,50.0,https://picsum.photos/200,5.0
33,2023-04-17T07:31:24.511,2023-04-17T07:31:24.511,satishkumar11@kpmg.com,satishkumar11@kpmg.com,123.0,Shanta,Vollman,SVOLLMAN,650.123.4234,10-Oct-05,ST_MAN,6500.0,- ,100,50.0,https://picsum.photos/200,4.0
34,2023-04-17T07:31:24.511,2023-04-17T07:31:24.511,satishkumar11@kpmg.com,satishkumar11@kpmg.com,124.0,Kevin,Mourgos,KMOURGOS,650.123.5234,16-Nov-07,ST_MAN,5800.0,- ,100,50.0,https://picsum.photos/200,2.0
35,2023-04-17T07:31:24.511,2023-04-17T07:31:24.511,satishkumar11@kpmg.com,satishkumar11@kpmg.com,125.0,Julia,Nayer,JNAYER,650.124.1214,16-Jul-05,ST_CLERK,3200.0,- ,120,50.0,https://picsum.photos/200,7.0
36,2023-04-17T07:31:24.511,2023-04-17T07:31:24.511,satishkumar11@kpmg.com,satishkumar11@kpmg.com,126.0,Irene,Mikkilineni,IMIKKILI,650.124.1224,28-Sep-06,ST_CLERK,2700.0,- ,120,50.0,https://picsum.photos/200,10.0
37,2023-04-17T07:31:24.512,2023-04-17T07:31:24.512,satishkumar11@kpmg.com,satishkumar11@kpmg.com,127.0,James,Landry,JLANDRY,650.124.1334,14-Jan-07,ST_CLERK,2400.0,- ,120,50.0,https://picsum.photos/200,8.0
38,2023-04-17T07:31:24.512,2023-04-17T07:31:24.512,satishkumar11@kpmg.com,satishkumar11@kpmg.com,128.0,Steven,Markle,SMARKLE,650.124.1434,8-Mar-08,ST_CLERK,2200.0,- ,120,50.0,https://picsum.photos/200,5.0
39,2023-04-17T07:31:24.512,2023-04-17T07:31:24.512,satishkumar11@kpmg.com,satishkumar11@kpmg.com,129.0,Laura,Bissot,LBISSOT,650.124.5234,20-Aug-05,ST_CLERK,3300.0,- ,121,50.0,https://picsum.photos/200,6.0
40,2023-04-17T07:31:24.513,2023-04-17T07:31:24.513,satishkumar11@kpmg.com,satishkumar11@kpmg.com,130.0,Mozhe,Atkinson,MATKINSO,650.124.6234,30-Oct-05,ST_CLERK,2800.0,- ,121,50.0,https://picsum.photos/200,10.0
41,2023-04-17T07:31:24.513,2023-04-17T07:31:24.513,satishkumar11@kpmg.com,satishkumar11@kpmg.com,131.0,James,Marlow,JAMRLOW,650.124.7234,16-Feb-05,ST_CLERK,2500.0,- ,121,50.0,https://picsum.photos/200,3.0
42,2023-04-17T07:31:24.513,2023-04-17T07:31:24.513,satishkumar11@kpmg.com,satishkumar11@kpmg.com,132.0,TJ,Olson,TJOLSON,650.124.8234,10-Apr-07,ST_CLERK,2100.0,- ,121,50.0,https://picsum.photos/200,6.0
43,2023-04-17T07:31:24.514,2023-04-17T07:31:24.514,satishkumar11@kpmg.com,satishkumar11@kpmg.com,133.0,Jason,Mallin,JMALLIN,650.127.1934,14-Jun-04,ST_CLERK,3300.0,- ,122,50.0,https://picsum.photos/200,3.0
44,2023-04-17T07:31:24.514,2023-04-17T07:31:24.514,satishkumar11@kpmg.com,satishkumar11@kpmg.com,134.0,Michael,Rogers,MROGERS,650.127.1834,26-Aug-06,ST_CLERK,2900.0,- ,122,50.0,https://picsum.photos/200,4.0
45,2023-04-17T07:31:24.514,2023-04-17T07:31:24.514,satishkumar11@kpmg.com,satishkumar11@kpmg.com,135.0,Ki,Gee,KGEE,650.127.1734,12-Dec-07,ST_CLERK,2400.0,- ,122,50.0,https://picsum.photos/200,10.0
46,2023-04-17T07:31:24.514,2023-04-17T07:31:24.514,satishkumar11@kpmg.com,satishkumar11@kpmg.com,136.0,Hazel,Philtanker,HPHILTAN,650.127.1634,6-Feb-08,ST_CLERK,2200.0,- ,122,50.0,https://picsum.photos/200,1.0
47,2023-04-17T07:31:24.515,2023-04-17T07:31:24.515,satishkumar11@kpmg.com,satishkumar11@kpmg.com,137.0,Renske,Ladwig,RLADWIG,650.121.1234,14-Jul-03,ST_CLERK,3600.0,- ,123,50.0,https://picsum.photos/200,8.0
48,2023-04-17T07:31:24.515,2023-04-17T07:31:24.515,satishkumar11@kpmg.com,satishkumar11@kpmg.com,138.0,Stephen,Stiles,SSTILES,650.121.2034,26-Oct-05,ST_CLERK,3200.0,- ,123,50.0,https://picsum.photos/200,5.0
49,2023-04-17T07:31:24.515,2023-04-17T07:31:24.515,satishkumar11@kpmg.com,satishkumar11@kpmg.com,139.0,John,Seo,JSEO,650.121.2019,12-Feb-06,ST_CLERK,2700.0,- ,123,50.0,https://picsum.photos/200,8.0
50,2023-04-17T07:31:24.516,2023-04-17T07:31:24.516,satishkumar11@kpmg.com,satishkumar11@kpmg.com,140.0,Joshua,Patel,JPATEL,650.121.1834,6-Apr-06,ST_CLERK,2500.0,- ,123,50.0,https://picsum.photos/200,2.0
